,GAME_ID,STINT_START,STINT_END,PLAYER_ID,MARGIN
0,0022401185,0.0,4200.0,201145,1.0
1,0022401185,7200.0,11470.0,201145,-15.0
2,0022401185,14400.0,19080.0,201145,3.0
3,0022401185,4710.0,10720.0,1628988,-13.0
4,0022401185,17430.0,25640.0,1628988,-3.0
5,0022401185,21600.0,28800.0,1629098,-11.0
6,0022401185,0.0,4710.0,1629111,-2.0
7,0022401185,8280.0,10070.0,1629111,0.0
8,0022401185,11470.0,19670.0,1629111,2.0
9,0022401185,0.0,2870.0,1630224,5.0
10,0022401185,5420.0,7200.0,1630224,-3.0
11,0022401185,10070.0,14400.0,1630224,-11.0
12,0022401185,4200.0,7200.0,1631223,-7.0
13,0022401185,12810.0,14400.0,1631223,-4.0
14,0022401185,19080.0,28800.0,1631223,-12.0
15,0022401185,2870.0,7200.0,1631466,-11.0
16,0022401185,10720.0,17430.0,1631466,-2.0
17,0022401185,19970.0,21600.0,1631466,0.0
18,0022401185,25640.0,28800.0,1631466,-11.0
19,0022401185,0.0,5420.0,1641715,-3.0
20,0022401185,7200.0,12810.0,1641715,-12.0
21,0022401185,14400.0,21600.0,1641715,2.0
22,0022401185,24710.0,28800.0,1641715,-10.0
23,0022401185,0.0,4710.0,1642263,-2.0
24,0022401185,7200.0,19970.0,1642263,-14.0
25,0022401185,21600.0,28800.0,1642263,-11.0
26,0022401185,4710.0,8280.0,1642368,-9.0
27,0022401185,19670.0,24710.0,1642368,-2.0
28,0022401166,5860.0,7062.0,201145,5.0
29,0022401166,7200.0,11630.0,201145,-5.0
30,0022401166,21600.0,27070.0,201145,3.0
31,0022401166,5060.0,7200.0,1628988,5.0
32,0022401166,9260.0,11630.0,1628988,0.0
33,0022401166,18250.0,25720.0,1628988,4.0
34,0022401166,27070.0,28800.0,1629098,-6.0
35,0022401166,0.0,5060.0,1629111,-6.0
36,0022401166,7200.0,10390.0,1629111,-3.0
37,0022401166,12450.0,21600.0,1629111,-2.0
38,0022401166,23820.0,27070.0,1629111,6.0
39,0022401166,0.0,5060.0,1630224,-6.0
40,0022401166,7062.0,7200.0,1630224,0.0
41,0022401166,10390.0,14400.0,1630224,-9.0
42,0022401166,5060.0,10390.0,1630256,2.0
43,0022401166,12960.0,14400.0,1630256,1.0
44,0022401166,18250.0,21600.0,1630256,3.0
45,0022401166,0.0,5860.0,1631106,-6.0
46,0022401166,7200.0,12960.0,1631106,-13.0
47,0022401166,14400.0,18870.0,1631106,-1.0
48,0022401166,21600.0,25720.0,1631223,1.0
49,0022401166,14400.0,18250.0,1631466,-4.0
50,0022401166,18870.0,21600.0,1631466,0.0
51,0022401166,25720.0,28800.0,1631466,-4.0
52,0022401166,0.0,6060.0,1641715,-3.0
53,0022401166,11630.0,21600.0,1641715,-8.0
54,0022401166,25720.0,28800.0,1641715,-4.0
55,0022401166,0.0,5060.0,1642263,-6.0
56,0022401166,6060.0,9260.0,1642263,-3.0
57,0022401166,11630.0,18250.0,1642263,-11.0
58,0022401166,21600.0,28800.0,1642263,-3.0
59,0022401166,5060.0,7200.0,1642368,5.0
60,0022401166,10390.0,12450.0,1642368,-8.0
61,0022401166,21600.0,23820.0,1642368,-3.0
62,0022401166,27070.0,28800.0,1642368,-6.0
63,0022401143,4720.0,9030.0,203500,0.0
64,0022401143,20710.0,26520.0,203500,7.0
65,0022401143,0.0,5800.0,1627832,-9.0
66,0022401143,7200.0,10420.0,1627832,5.0
67,0022401143,12630.0,19730.0,1627832,4.0
68,0022401143,21198.0,24900.0,1627832,5.0
69,0022401143,26520.0,28130.0,1627832,3.0
70,0022401143,0.0,4180.0,1628415,-2.0
71,0022401143,10420.0,13800.0,1628415,1.0
72,0022401143,13858.0,20710.0,1628415,4.0
73,0022401143,24900.0,28130.0,1628415,6.0
74,0022401143,7200.0,10420.0,1628988,5.0
75,0022401143,21600.0,24130.0,1628988,-1.0
76,0022401143,28130.0,28800.0,1628988,-6.0
77,0022401143,0.0,5800.0,1630224,-9.0
78,0022401143,10420.0,13858.0,1630224,3.0
79,0022401143,14124.0,21198.0,1630224,3.0
80,0022401143,24130.0,28130.0,1630224,10.0
81,0022401143,28130.0,28800.0,1630256,-6.0
82,0022401143,0.0,4720.0,1630578,-3.0
83,0022401143,5800.0,9030.0,1630578,6.0
84,0022401143,10420.0,13780.0,1630578,1.0
85,0022401143,13800.0,14394.0,1630578,1.0
86,0022401143,14400.0,18870.0,1630578,9.0
87,0022401143,21600.0,23920.0,1630578,-1.0
88,0022401143,26520.0,27530.0,1630578,-2.0
89,0022401143,4180.0,10420.0,1631095,1.0
90,0022401143,12630.0,14400.0,1631095,0.0
91,0022401143,18870.0,26520.0,1631095,3.0
92,0022401143,27530.0,28130.0,1631095,5.0
93,0022401143,3190.0,7200.0,1631106,-6.0
94,0022401143,9030.0,12630.0,1631106,4.0
95,0022401143,17330.0,21600.0,1631106,1.0
96,0022401143,28130.0,28800.0,1631466,-6.0
97,0022401143,0.0,3190.0,1641708,0.0
98,0022401143,5800.0,7200.0,1641708,3.0
99,0022401143,9030.0,12630.0,1641708,4.0
100,0022401143,13780.0,14124.0,1641708,2.0
101,0022401143,14394.0,17330.0,1641708,5.0
102,0022401143,19730.0,21600.0,1641708,2.0
103,0022401143,23920.0,28130.0,1641708,10.0
104,0022401143,28130.0,28800.0,1641715,-6.0
105,0022401143,28130.0,28800.0,1642263,-6.0
106,0022401096,4850.0,7200.0,203500,4.0
107,0022401096,9560.0,13290.0,203500,-2.0
108,0022401096,14387.0,14400.0,203500,0.0
109,0022401096,17820.0,21160.0,203500,-5.0
110,0022401096,28689.0,28689.0,203500,0.0
111,0022401096,0.0,6170.0,1627832,1.0
112,0022401096,7200.0,10240.0,1627832,1.0
113,0022401096,12690.0,19570.0,1627832,-5.0
114,0022401096,21160.0,28689.0,1627832,2.0
115,0022401096,28689.0,28800.0,1627832,-4.0
116,0022401096,0.0,4850.0,1628415,-1.0
117,0022401096,7200.0,10240.0,1628415,1.0
118,0022401096,13290.0,19780.0,1628415,-7.0
119,0022401096,21600.0,28689.0,1628415,1.0
120,0022401096,28689.0,28800.0,1628415,-4.0
121,0022401096,0.0,6170.0,1630224,1.0
122,0022401096,10240.0,14387.0,1630224,-4.0
123,0022401096,14400.0,19780.0,1630224,-5.0
124,0022401096,23940.0,26660.0,1630224,-1.0
125,0022401096,28689.0,28800.0,1630224,-2.0
126,0022401096,0.0,4850.0,1630578,-1.0
127,0022401096,6170.0,11140.0,1630578,0.0
128,0022401096,13290.0,17820.0,1630578,-3.0
129,0022401096,19780.0,23940.0,1630578,1.0
130,0022401096,26430.0,28599.0,1630578,3.0
131,0022401096,28689.0,28800.0,1630578,-2.0
132,0022401096,4850.0,13290.0,1631095,3.0
133,0022401096,19780.0,25590.0,1631095,0.0
134,0022401096,26660.0,28800.0,1631095,-1.0
135,0022401096,4850.0,9560.0,1631106,5.0
136,0022401096,11140.0,12690.0,1631106,2.0
137,0022401096,17270.0,21600.0,1631106,-7.0
138,0022401096,23940.0,26430.0,1631106,-1.0
139,0022401096,28599.0,28689.0,1631106,-2.0
140,0022401096,0.0,4850.0,1641708,-1.0
141,0022401096,6170.0,7200.0,1641708,2.0
142,0022401096,10240.0,17270.0,1641708,-2.0
143,0022401096,19570.0,23940.0,1641708,-2.0
144,0022401096,25590.0,28689.0,1641708,1.0
145,0022401088,7200.0,10220.0,201145,6.0
146,0022401088,18820.0,21600.0,201145,5.0
147,0022401088,3400.0,7190.0,203500,9.0
148,0022401088,9200.0,12620.0,203500,12.0
149,0022401088,0.0,5230.0,1627832,-1.0
150,0022401088,7190.0,10220.0,1627832,6.0
151,0022401088,11520.0,20320.0,1627832,18.0
152,0022401088,0.0,5230.0,1628415,-1.0
153,0022401088,7190.0,7200.0,1628415,0.0
154,0022401088,9900.0,11520.0,1628415,2.0
155,0022401088,5660.0,9900.0,1628988,16.0
156,0022401088,14116.0,14400.0,1628988,0.0
157,0022401088,20760.0,28800.0,1628988,3.0
158,0022401088,18820.0,20320.0,1629111,1.0
159,0022401088,20760.0,28800.0,1629111,3.0
160,0022401088,0.0,5660.0,1630224,-1.0
161,0022401088,10220.0,20760.0,1630224,22.0
162,0022401088,21117.0,28800.0,1630256,0.0
163,0022401088,0.0,3400.0,1630578,-1.0
164,0022401088,5230.0,7190.0,1630578,9.0
165,0022401088,7200.0,10930.0,1630578,7.0
166,0022401088,12620.0,14116.0,1630578,6.0
167,0022401088,14400.0,18820.0,1630578,5.0
168,0022401088,20320.0,21117.0,1630578,4.0
169,0022401088,3400.0,9200.0,1631095,12.0
170,0022401088,10930.0,20760.0,1631095,21.0
171,0022401088,0.0,3400.0,1641708,-1.0
172,0022401088,5230.0,7200.0,1641708,9.0
173,0022401088,10220.0,18820.0,1641708,20.0
174,0022401088,20320.0,21117.0,1641708,4.0
175,0022401088,21117.0,28800.0,1641715,0.0
176,0022401088,21600.0,28800.0,1642263,0.0
177,0022401065,0.0,5760.0,1627832,4.0
178,0022401065,7200.0,13070.0,1627832,7.0
179,0022401065,14400.0,20600.0,1627832,5.0
180,0022401065,21600.0,24200.0,1627832,-5.0
181,0022401065,0.0,5760.0,1628415,4.0
182,0022401065,10040.0,13070.0,1628415,-1.0
183,0022401065,14400.0,19210.0,1628415,5.0
184,0022401065,23740.0,27090.0,1628415,1.0
185,0022401065,5760.0,10040.0,1628988,7.0
186,0022401065,20600.0,23740.0,1628988,-1.0
187,0022401065,3770.0,6380.0,1629111,-1.0
188,0022401065,10040.0,13070.0,1629111,-1.0
189,0022401065,18140.0,20600.0,1629111,-3.0
190,0022401065,0.0,7200.0,1630224,3.0
191,0022401065,11190.0,20600.0,1630224,-7.0
192,0022401065,24200.0,28800.0,1630224,7.0
193,0022401065,0.0,3770.0,1630578,3.0
194,0022401065,6380.0,10040.0,1630578,9.0
195,0022401065,13070.0,18140.0,1630578,0.0
196,0022401065,20600.0,25770.0,1630578,1.0
197,0022401065,27090.0,28800.0,1630578,4.0
198,0022401065,5760.0,11190.0,1631095,10.0
199,0022401065,13070.0,14400.0,1631095,-8.0
200,0022401065,19210.0,25030.0,1631095,1.0
201,0022401065,25770.0,28800.0,1631095,3.0
202,0022401065,2510.0,7200.0,1631106,-1.0
203,0022401065,10040.0,14400.0,1631106,-9.0
204,0022401065,18140.0,21600.0,1631106,-1.0
205,0022401065,23350.0,28800.0,1631106,2.0
206,0022401065,0.0,2510.0,1641708,4.0
207,0022401065,7200.0,10040.0,1641708,8.0
208,0022401065,13070.0,18140.0,1641708,0.0
209,0022401065,20600.0,23350.0,1641708,2.0
210,0022401065,25030.0,28800.0,1641708,3.0
211,0022401015,3530.0,7135.0,203500,-6.0
212,0022401015,9320.0,12680.0,203500,-1.0
213,0022401015,20140.0,25470.0,203500,14.0
214,0022401015,0.0,5960.0,1627832,-2.0
215,0022401015,7135.0,10000.0,1627832,7.0
216,0022401015,12680.0,20140.0,1627832,-7.0
217,0022401015,21600.0,24360.0,1627832,6.0
218,0022401015,26150.0,28800.0,1627832,-2.0
219,0022401015,0.0,5960.0,1628415,-2.0
220,0022401015,7135.0,7200.0,1628415,0.0
221,0022401015,10000.0,20140.0,1628415,-9.0
222,0022401015,23960.0,24640.0,1628415,7.0
223,0022401015,25230.0,28800.0,1628415,-4.0
224,0022401015,0.0,5960.0,1630224,-2.0
225,0022401015,10000.0,17470.0,1630224,-9.0
226,0022401015,20140.0,21600.0,1630224,4.0
227,0022401015,24360.0,28800.0,1630224,0.0
228,0022401015,0.0,3530.0,1630578,2.0
229,0022401015,5960.0,7135.0,1630578,-2.0
230,0022401015,7200.0,11860.0,1630578,2.0
231,0022401015,12680.0,20140.0,1630578,-7.0
232,0022401015,25470.0,28800.0,1630578,-4.0
233,0022401015,5960.0,11860.0,1631095,0.0
234,0022401015,18990.0,26150.0,1631095,8.0
235,0022401015,3130.0,10000.0,1631106,-1.0
236,0022401015,11860.0,12680.0,1631106,3.0
237,0022401015,17470.0,23960.0,1631106,7.0
238,0022401015,24640.0,26800.0,1631106,-2.0
239,0022401015,0.0,3130.0,1641708,4.0
240,0022401015,5960.0,9320.0,1641708,4.0
241,0022401015,11860.0,18990.0,1641708,0.0
242,0022401015,20140.0,25230.0,1641708,14.0
243,0022401015,26800.0,28800.0,1641708,-2.0
244,0022400999,7200.0,10480.0,201145,-12.0
245,0022400999,21600.0,23930.0,201145,-3.0
246,0022400999,4070.0,7200.0,203500,12.0
247,0022400999,8870.0,12600.0,203500,0.0
248,0022400999,17800.0,21600.0,203500,12.0
249,0022400999,23930.0,26960.0,203500,-2.0
250,0022400999,0.0,5760.0,1627832,-3.0
251,0022400999,7200.0,9600.0,1627832,-11.0
252,0022400999,12600.0,19330.0,1627832,16.0
253,0022400999,21600.0,25710.0,1627832,0.0
254,0022400999,26410.0,28800.0,1627832,-3.0
255,0022400999,0.0,5760.0,1628415,-3.0
256,0022400999,9600.0,13320.0,1628415,7.0
257,0022400999,14400.0,21600.0,1628415,12.0
258,0022400999,23930.0,28800.0,1628415,-5.0
259,0022400999,7200.0,9600.0,1628988,-11.0
260,0022400999,0.0,7200.0,1630224,5.0
261,0022400999,9600.0,21600.0,1630224,22.0
262,0022400999,25710.0,28800.0,1630224,-8.0
263,0022400999,0.0,4070.0,1630578,-7.0
264,0022400999,5760.0,17800.0,1630578,7.0
265,0022400999,21600.0,26410.0,1630578,-5.0
266,0022400999,26960.0,28399.0,1630578,-2.0
267,0022400999,28511.0,28526.0,1630578,2.0
268,0022400999,2900.0,8870.0,1631095,1.0
269,0022400999,13320.0,14400.0,1631095,3.0
270,0022400999,17800.0,25780.0,1631095,11.0
271,0022400999,28399.0,28511.0,1631095,-3.0
272,0022400999,28526.0,28800.0,1631095,0.0
273,0022400999,0.0,2900.0,1631106,-2.0
274,0022400999,5760.0,7200.0,1631106,8.0
275,0022400999,10480.0,17800.0,1631106,11.0
276,0022400999,19330.0,23930.0,1631106,-2.0
277,0022400999,25780.0,28800.0,1631106,-7.0
278,0022400902,7200.0,10280.0,201145,-2.0
279,0022400902,4200.0,8990.0,203500,6.0
280,0022400902,12280.0,13420.0,203500,4.0
281,0022400902,18190.0,21380.0,203500,10.0
282,0022400902,24840.0,26960.0,203500,-3.0
283,0022400902,0.0,5970.0,1628415,-8.0
284,0022400902,7190.0,7200.0,1628415,0.0
285,0022400902,8990.0,19330.0,1628415,13.0
286,0022400902,21380.0,21600.0,1628415,-2.0
287,0022400902,23590.0,28800.0,1628415,-4.0
288,0022400902,0.0,5970.0,1630224,-8.0
289,0022400902,9850.0,12280.0,1630224,-4.0
290,0022400902,13420.0,21600.0,1630224,20.0
291,0022400902,24840.0,28800.0,1630224,0.0
292,0022400902,0.0,4200.0,1630578,-11.0
293,0022400902,5970.0,7200.0,1630578,5.0
294,0022400902,8990.0,18190.0,1630578,12.0
295,0022400902,19330.0,21380.0,1630578,9.0
296,0022400902,21544.0,24840.0,1630578,-3.0
297,0022400902,26960.0,28800.0,1630578,3.0
298,0022400902,4200.0,12280.0,1631095,2.0
299,0022400902,18190.0,26960.0,1631095,2.0
300,0022400902,0.0,4200.0,1631106,-11.0
301,0022400902,5970.0,7190.0,1631106,5.0
302,0022400902,10280.0,19330.0,1631106,13.0
303,0022400902,21380.0,23590.0,1631106,-1.0
304,0022400902,26960.0,28800.0,1631106,3.0
305,0022400902,0.0,5970.0,1641708,-8.0
306,0022400902,7190.0,8990.0,1641708,-2.0
307,0022400902,12280.0,18190.0,1641708,16.0
308,0022400902,19330.0,21544.0,1641708,7.0
309,0022400902,21600.0,28800.0,1641708,-3.0
310,0022400902,5970.0,7190.0,1642263,5.0
311,0022400902,7200.0,9850.0,1642263,-2.0
312,0022400902,21600.0,24840.0,1642263,-3.0
313,0022400882,5570.0,6938.0,203500,0.0
314,0022400882,7200.0,9640.0,203500,-1.0
315,0022400882,18570.0,22720.0,203500,6.0
316,0022400882,24950.0,26280.0,203500,-5.0
317,0022400882,0.0,5200.0,1628415,2.0
318,0022400882,10230.0,18570.0,1628415,-7.0
319,0022400882,22720.0,26280.0,1628415,-6.0
320,0022400882,27900.0,28800.0,1628988,1.0
321,0022400882,0.0,5570.0,1630224,0.0
322,0022400882,6938.0,7200.0,1630224,0.0
323,0022400882,8860.0,14246.0,1630224,-9.0
324,0022400882,14400.0,19800.0,1630224,-6.0
325,0022400882,24950.0,27900.0,1630224,-7.0
326,0022400882,27900.0,28800.0,1630256,1.0
327,0022400882,0.0,5570.0,1630578,0.0
328,0022400882,9640.0,14322.0,1630578,-7.0
329,0022400882,14400.0,18570.0,1630578,-2.0
330,0022400882,19800.0,24950.0,1630578,9.0
331,0022400882,26280.0,27900.0,1630578,-2.0
332,0022400882,0.0,3920.0,1631095,3.0
333,0022400882,5570.0,10230.0,1631095,-5.0
334,0022400882,12450.0,19800.0,1631095,-10.0
335,0022400882,21600.0,27900.0,1631095,-7.0
336,0022400882,3920.0,8860.0,1631106,-2.0
337,0022400882,10230.0,12450.0,1631106,-1.0
338,0022400882,14246.0,14400.0,1631106,-2.0
339,0022400882,18570.0,24950.0,1631106,5.0
340,0022400882,26280.0,27900.0,1631106,-2.0
341,0022400882,27900.0,28800.0,1631466,1.0
342,0022400882,0.0,3920.0,1641708,3.0
343,0022400882,5200.0,8860.0,1641708,-1.0
344,0022400882,10450.0,18570.0,1641708,-4.0
345,0022400882,19800.0,27900.0,1641708,2.0
346,0022400882,7200.0,10230.0,1641715,-5.0
347,0022400882,14322.0,14400.0,1641715,-2.0
348,0022400882,27900.0,28800.0,1641715,1.0
349,0022400882,3920.0,7200.0,1642263,-3.0
350,0022400882,8860.0,10450.0,1642263,-9.0
351,0022400882,18570.0,21600.0,1642263,5.0
352,0022400882,27900.0,28800.0,1642263,1.0
353,0022400879,4140.0,7200.0,201145,-2.0
354,0022400879,11590.0,14400.0,201145,0.0
355,0022400879,17950.0,21600.0,201145,2.0
356,0022400879,3870.0,7200.0,1628988,-2.0
357,0022400879,9830.0,14400.0,1628988,-4.0
358,0022400879,17950.0,21600.0,1628988,2.0
359,0022400879,24630.0,28800.0,1629098,5.0
360,0022400879,0.0,4140.0,1629111,3.0
361,0022400879,10190.0,18800.0,1629111,-14.0
362,0022400879,0.0,5600.0,1630224,8.0
363,0022400879,10190.0,19310.0,1630224,-11.0
364,0022400879,5600.0,8880.0,1630256,1.0
365,0022400879,21116.0,24630.0,1630256,-4.0
366,0022400879,0.0,5600.0,1631095,8.0
367,0022400879,7200.0,11590.0,1631095,-2.0
368,0022400879,14400.0,17950.0,1631095,-14.0
369,0022400879,21600.0,24630.0,1631095,-1.0
370,0022400879,5600.0,10190.0,1631466,-9.0
371,0022400879,19310.0,28800.0,1631466,3.0
372,0022400879,0.0,5600.0,1641715,8.0
373,0022400879,8880.0,21116.0,1641715,-19.0
374,0022400879,22770.0,28800.0,1641715,7.0
375,0022400879,0.0,3870.0,1642263,3.0
376,0022400879,5600.0,9830.0,1642263,-5.0
377,0022400879,14400.0,17950.0,1642263,-14.0
378,0022400879,21600.0,28800.0,1642263,4.0
379,0022400879,7200.0,10190.0,1642368,-2.0
380,0022400879,18800.0,22770.0,1642368,-1.0
381,0022400879,24630.0,28800.0,1642368,5.0
382,0022400809,4240.0,7200.0,201145,-3.0
383,0022400809,15370.0,22980.0,201145,-3.0
384,0022400809,25930.0,28800.0,201145,-1.0
385,0022400809,0.0,5950.0,1628415,-1.0
386,0022400809,8840.0,18090.0,1628415,5.0
387,0022400809,19880.0,21600.0,1628415,1.0
388,0022400809,22980.0,25930.0,1628415,-9.0
389,0022400809,3490.0,7200.0,1628988,-2.0
390,0022400809,12660.0,14400.0,1628988,3.0
391,0022400809,18090.0,24360.0,1628988,-6.0
392,0022400809,4620.0,8840.0,1629111,-9.0
393,0022400809,19230.0,21600.0,1629111,3.0
394,0022400809,0.0,5950.0,1630224,-1.0
395,0022400809,10270.0,19880.0,1630224,1.0
396,0022400809,22980.0,28800.0,1630224,-10.0
397,0022400809,0.0,4620.0,1630578,5.0
398,0022400809,8840.0,19230.0,1630578,4.0
399,0022400809,22980.0,28800.0,1630578,-10.0
400,0022400809,0.0,4240.0,1631095,2.0
401,0022400809,7200.0,11450.0,1631095,1.0
402,0022400809,11880.0,12660.0,1631095,1.0
403,0022400809,14400.0,15370.0,1631095,-2.0
404,0022400809,21600.0,28800.0,1631095,-12.0
405,0022400809,0.0,3490.0,1641708,1.0
406,0022400809,5950.0,10270.0,1641708,2.0
407,0022400809,11450.0,19880.0,1641708,2.0
408,0022400809,21600.0,22980.0,1641708,-2.0
409,0022400809,24360.0,28800.0,1641708,-4.0
410,0022400809,5950.0,8840.0,1641715,-3.0
411,0022400809,19880.0,22980.0,1641715,-1.0
412,0022400809,7200.0,11880.0,1642263,3.0
413,0022400741,4960.0,8770.0,203500,-4.0
414,0022400741,14400.0,19150.0,203500,12.0
415,0022400741,21600.0,23940.0,203500,-2.0
416,0022400741,25150.0,26900.0,203500,1.0
417,0022400741,27560.0,27920.0,203500,-3.0
418,0022400741,28428.0,28800.0,203500,0.0
419,0022400741,0.0,3320.0,1628415,-6.0
420,0022400741,4960.0,7200.0,1628415,-3.0
421,0022400741,9620.0,21237.0,1628415,1.0
422,0022400741,23940.0,28800.0,1628415,-1.0
423,0022400741,21237.0,23270.0,1628988,-2.0
424,0022400741,0.0,7200.0,1630224,-13.0
425,0022400741,9620.0,21600.0,1630224,3.0
426,0022400741,23270.0,28800.0,1630224,1.0
427,0022400741,5710.0,8770.0,1630256,0.0
428,0022400741,0.0,4960.0,1630578,-10.0
429,0022400741,8770.0,21600.0,1630578,6.0
430,0022400741,23940.0,28800.0,1630578,-1.0
431,0022400741,0.0,4960.0,1631106,-10.0
432,0022400741,7200.0,9620.0,1631106,2.0
433,0022400741,11530.0,14400.0,1631106,3.0
434,0022400741,19150.0,23940.0,1631106,-5.0
435,0022400741,25150.0,26730.0,1631106,0.0
436,0022400741,26900.0,27560.0,1631106,0.0
437,0022400741,27920.0,28428.0,1631106,-2.0
438,0022400741,0.0,5710.0,1641708,-14.0
439,0022400741,8770.0,19590.0,1641708,5.0
440,0022400741,21600.0,25150.0,1641708,1.0
441,0022400741,26730.0,28800.0,1641708,-4.0
442,0022400741,3320.0,9620.0,1641715,-5.0
443,0022400741,19590.0,25150.0,1641715,2.0
444,0022400741,7200.0,11530.0,1642263,-7.0
445,0022400729,0.0,5650.0,1628415,1.0
446,0022400729,6859.0,7200.0,1628415,0.0
447,0022400729,9130.0,12220.0,1628415,0.0
448,0022400729,14400.0,20590.0,1628415,-4.0
449,0022400729,21300.0,21600.0,1628415,3.0
450,0022400729,24150.0,28800.0,1628415,-14.0
451,0022400729,4960.0,6859.0,1629111,3.0
452,0022400729,7200.0,9500.0,1629111,5.0
453,0022400729,19280.0,21300.0,1629111,0.0
454,0022400729,21600.0,23910.0,1629111,-3.0
455,0022400729,0.0,5700.0,1630224,2.0
456,0022400729,9130.0,20590.0,1630224,-1.0
457,0022400729,23180.0,28800.0,1630224,-15.0
458,0022400729,5700.0,9130.0,1630256,0.0
459,0022400729,14362.0,14400.0,1630256,0.0
460,0022400729,21300.0,24150.0,1630256,-2.0
461,0022400729,0.0,4960.0,1630578,-2.0
462,0022400729,9500.0,14362.0,1630578,-1.0
463,0022400729,14400.0,19280.0,1630578,-2.0
464,0022400729,23910.0,28800.0,1630578,-16.0
465,0022400729,0.0,4470.0,1631106,-2.0
466,0022400729,6859.0,7200.0,1631106,0.0
467,0022400729,7450.0,14033.0,1631106,4.0
468,0022400729,14400.0,17300.0,1631106,-3.0
469,0022400729,20590.0,21600.0,1631106,5.0
470,0022400729,24420.0,26130.0,1631106,-4.0
471,0022400729,0.0,4470.0,1641708,-2.0
472,0022400729,5650.0,9130.0,1641708,1.0
473,0022400729,12220.0,18440.0,1641708,0.0
474,0022400729,20590.0,28800.0,1641708,-14.0
475,0022400729,4470.0,7450.0,1641715,0.0
476,0022400729,10380.0,14400.0,1641715,3.0
477,0022400729,17300.0,24420.0,1641715,-2.0
478,0022400729,26130.0,28800.0,1641715,-9.0
479,0022400729,4470.0,6859.0,1642263,3.0
480,0022400729,7200.0,10380.0,1642263,1.0
481,0022400729,14033.0,14400.0,1642263,3.0
482,0022400729,18440.0,21300.0,1642263,1.0
483,0022400729,21600.0,23180.0,1642263,-4.0
484,0022400711,4810.0,9690.0,203500,-1.0
485,0022400711,18530.0,21600.0,203500,-3.0
486,0022400711,28616.0,28705.0,203500,-1.0
487,0022400711,0.0,5600.0,1628415,0.0
488,0022400711,7200.0,9690.0,1628415,0.0
489,0022400711,11960.0,14261.0,1628415,1.0
490,0022400711,14400.0,18950.0,1628415,-6.0
491,0022400711,21600.0,28800.0,1628415,2.0
492,0022400711,0.0,4150.0,1628988,1.0
493,0022400711,11280.0,12560.0,1628988,1.0
494,0022400711,14261.0,14400.0,1628988,0.0
495,0022400711,21600.0,24350.0,1628988,-1.0
496,0022400711,28511.0,28766.0,1628988,-5.0
497,0022400711,0.0,5600.0,1630224,0.0
498,0022400711,9690.0,18530.0,1630224,-2.0
499,0022400711,18950.0,21600.0,1630224,0.0
500,0022400711,26020.0,28616.0,1630224,7.0
501,0022400711,28705.0,28800.0,1630224,-6.0
502,0022400711,4150.0,7200.0,1630256,0.0
503,0022400711,9690.0,11960.0,1630256,0.0
504,0022400711,14261.0,14400.0,1630256,0.0
505,0022400711,17790.0,21600.0,1630256,-10.0
506,0022400711,28511.0,28593.0,1630256,0.0
507,0022400711,28705.0,28766.0,1630256,-6.0
508,0022400711,0.0,4810.0,1630578,2.0
509,0022400711,9690.0,18530.0,1630578,-2.0
510,0022400711,21600.0,28511.0,1630578,7.0
511,0022400711,28593.0,28705.0,1630578,1.0
512,0022400711,28766.0,28800.0,1630578,0.0
513,0022400711,0.0,4150.0,1641708,1.0
514,0022400711,5600.0,9690.0,1641708,1.0
515,0022400711,11280.0,14261.0,1641708,2.0
516,0022400711,14400.0,17790.0,1641708,4.0
517,0022400711,19420.0,28593.0,1641708,9.0
518,0022400711,28616.0,28800.0,1641708,-7.0
519,0022400711,4150.0,11280.0,1641715,-1.0
520,0022400711,18530.0,26020.0,1641715,-1.0
521,0022400711,5600.0,11280.0,1642263,0.0
522,0022400711,12560.0,19420.0,1642263,-7.0
523,0022400711,24350.0,28511.0,1642263,8.0
524,0022400711,28593.0,28616.0,1642263,2.0
525,0022400711,28766.0,28800.0,1642263,0.0
526,0022400702,3400.0,9270.0,203500,10.0
527,0022400702,13190.0,14400.0,203500,-2.0
528,0022400702,16620.0,21589.0,203500,10.0
529,0022400702,21589.0,21600.0,203500,3.0
530,0022400702,23550.0,26160.0,203500,-2.0
531,0022400702,26620.0,27480.0,203500,2.0
532,0022400702,28420.0,28575.0,203500,0.0
533,0022400702,28588.0,28687.0,203500,0.0
534,0022400702,28698.0,28800.0,203500,0.0
535,0022400702,0.0,5860.0,1628415,-2.0
536,0022400702,7200.0,11970.0,1628415,7.0
537,0022400702,13190.0,20570.0,1628415,-3.0
538,0022400702,21589.0,24760.0,1628415,-7.0
539,0022400702,26060.0,28800.0,1628415,-8.0
540,0022400702,3400.0,7200.0,1628988,3.0
541,0022400702,18760.0,23550.0,1628988,7.0
542,0022400702,24760.0,26060.0,1628988,-2.0
543,0022400702,28575.0,28698.0,1628988,-4.0
544,0022400702,28698.0,28800.0,1628988,-2.0
545,0022400702,0.0,5860.0,1630224,-2.0
546,0022400702,8970.0,19660.0,1630224,-12.0
547,0022400702,23550.0,28575.0,1630224,-8.0
548,0022400702,28588.0,28687.0,1630224,0.0
549,0022400702,28698.0,28739.0,1630224,0.0
550,0022400702,0.0,3400.0,1630256,-1.0
551,0022400702,9270.0,13190.0,1630256,-2.0
552,0022400702,14400.0,16620.0,1630256,-4.0
553,0022400702,21600.0,23550.0,1630256,-5.0
554,0022400702,26160.0,26620.0,1630256,-5.0
555,0022400702,27480.0,28420.0,1630256,-3.0
556,0022400702,28575.0,28588.0,1630256,-2.0
557,0022400702,28687.0,28698.0,1630256,-2.0
558,0022400702,0.0,4680.0,1631106,3.0
559,0022400702,6780.0,7200.0,1631106,0.0
560,0022400702,9940.0,19660.0,1631106,-9.0
561,0022400702,21320.0,21600.0,1631106,1.0
562,0022400702,23550.0,28588.0,1631106,-10.0
563,0022400702,28687.0,28698.0,1631106,-2.0
564,0022400702,28739.0,28800.0,1631106,0.0
565,0022400702,0.0,3400.0,1641708,-1.0
566,0022400702,5860.0,9940.0,1641708,10.0
567,0022400702,11970.0,18760.0,1641708,-10.0
568,0022400702,19660.0,23550.0,1641708,7.0
569,0022400702,24760.0,28800.0,1641708,-10.0
570,0022400702,4680.0,13190.0,1641715,4.0
571,0022400702,19660.0,21589.0,1641715,12.0
572,0022400702,21600.0,24760.0,1641715,-7.0
573,0022400702,5860.0,6780.0,1642263,4.0
574,0022400702,7200.0,8970.0,1642263,9.0
575,0022400702,20570.0,21320.0,1642263,6.0
576,0022400676,0.0,3280.0,203500,-4.0
577,0022400676,9250.0,11890.0,203500,-1.0
578,0022400676,14400.0,18390.0,203500,-6.0
579,0022400676,22960.0,26740.0,203500,5.0
580,0022400676,28541.0,28670.0,203500,0.0
581,0022400676,28714.0,28714.0,203500,0.0
582,0022400676,0.0,5780.0,1627832,0.0
583,0022400676,6977.0,7200.0,1627832,3.0
584,0022400676,9250.0,21600.0,1627832,-5.0
585,0022400676,25520.0,28800.0,1627832,-9.0
586,0022400676,0.0,5780.0,1628415,0.0
587,0022400676,9250.0,14127.0,1628415,1.0
588,0022400676,14400.0,17320.0,1628415,-4.0
589,0022400676,22360.0,25970.0,1628415,3.0
590,0022400676,26740.0,27660.0,1628415,2.0
591,0022400676,28541.0,28714.0,1628415,-2.0
592,0022400676,3280.0,6977.0,1629111,6.0
593,0022400676,7200.0,9250.0,1629111,4.0
594,0022400676,18390.0,21101.0,1629111,3.0
595,0022400676,21600.0,22960.0,1629111,-6.0
596,0022400676,0.0,5180.0,1630224,1.0
597,0022400676,5780.0,9250.0,1630224,9.0
598,0022400676,9730.0,18390.0,1630224,-3.0
599,0022400676,22960.0,28670.0,1630224,3.0
600,0022400676,28714.0,28800.0,1630224,0.0
601,0022400676,14127.0,14400.0,1630256,0.0
602,0022400676,18550.0,23680.0,1630256,0.0
603,0022400676,27660.0,28541.0,1630256,-4.0
604,0022400676,28670.0,28800.0,1630256,-2.0
605,0022400676,5120.0,9250.0,1631106,8.0
606,0022400676,10760.0,14400.0,1631106,0.0
607,0022400676,17320.0,22360.0,1631106,-4.0
608,0022400676,23680.0,28541.0,1631106,-3.0
609,0022400676,28670.0,28800.0,1631106,-2.0
610,0022400676,0.0,5120.0,1641708,1.0
611,0022400676,5780.0,9730.0,1641708,7.0
612,0022400676,11890.0,18550.0,1641708,-4.0
613,0022400676,21101.0,25520.0,1641708,1.0
614,0022400676,25970.0,28800.0,1641708,-6.0
615,0022400676,5180.0,10760.0,1641715,9.0
616,0022400676,18390.0,22960.0,1641715,-6.0
617,0022400532,0.0,5170.0,1627832,-3.0
618,0022400532,9040.0,19990.0,1627832,8.0
619,0022400532,21600.0,25080.0,1627832,5.0
620,0022400532,26790.0,28800.0,1627832,-3.0
621,0022400532,0.0,5170.0,1628415,-3.0
622,0022400532,10290.0,17920.0,1628415,1.0
623,0022400532,20800.0,21600.0,1628415,-1.0
624,0022400532,22950.0,28800.0,1628415,-5.0
625,0022400532,5170.0,7200.0,1628988,-2.0
626,0022400532,10290.0,12930.0,1628988,2.0
627,0022400532,21453.0,26790.0,1628988,-5.0
628,0022400532,28545.0,28691.0,1628988,0.0
629,0022400532,5170.0,10290.0,1629111,5.0
630,0022400532,19240.0,21453.0,1629111,7.0
631,0022400532,21600.0,24040.0,1629111,3.0
632,0022400532,0.0,3490.0,1630224,-5.0
633,0022400532,5170.0,10290.0,1630224,5.0
634,0022400532,12930.0,20800.0,1630224,6.0
635,0022400532,25080.0,28545.0,1630224,-12.0
636,0022400532,28691.0,28800.0,1630224,2.0
637,0022400532,5170.0,11910.0,1630256,7.0
638,0022400532,15570.0,16200.0,1630256,2.0
639,0022400532,17920.0,25080.0,1630256,11.0
640,0022400532,27820.0,28331.0,1630256,-5.0
641,0022400532,28545.0,28691.0,1630256,0.0
642,0022400532,0.0,5170.0,1630578,-3.0
643,0022400532,10290.0,15570.0,1630578,-5.0
644,0022400532,16200.0,19240.0,1630578,6.0
645,0022400532,24040.0,27820.0,1630578,-5.0
646,0022400532,28331.0,28545.0,1630578,0.0
647,0022400532,28691.0,28800.0,1630578,2.0
648,0022400532,0.0,5170.0,1641708,-3.0
649,0022400532,7200.0,10290.0,1641708,7.0
650,0022400532,14400.0,17920.0,1641708,4.0
651,0022400532,19990.0,22950.0,1641708,3.0
652,0022400532,25080.0,28800.0,1641708,-10.0
653,0022400532,3490.0,9040.0,1641715,3.0
654,0022400532,11910.0,14400.0,1641715,-5.0
655,0022400532,17920.0,21600.0,1641715,6.0
656,0022400650,4770.0,9690.0,203500,3.0
657,0022400650,19270.0,22520.0,203500,-14.0
658,0022400650,28682.0,28682.0,203500,0.0
659,0022400650,0.0,4160.0,1627832,-7.0
660,0022400650,8420.0,19630.0,1627832,0.0
661,0022400650,21212.0,21600.0,1627832,-2.0
662,0022400650,22520.0,28682.0,1627832,11.0
663,0022400650,28682.0,28800.0,1627832,0.0
664,0022400650,0.0,6450.0,1628415,7.0
665,0022400650,8850.0,20280.0,1628415,-4.0
666,0022400650,22520.0,28800.0,1628415,13.0
667,0022400650,3740.0,8420.0,1628988,7.0
668,0022400650,18050.0,21212.0,1628988,-9.0
669,0022400650,21600.0,22520.0,1628988,-7.0
670,0022400650,0.0,3740.0,1630224,-4.0
671,0022400650,6450.0,10400.0,1630224,-3.0
672,0022400650,11990.0,12220.0,1630224,-3.0
673,0022400650,14400.0,17980.0,1630224,5.0
674,0022400650,20280.0,26260.0,1630224,1.0
675,0022400650,26640.0,26890.0,1630224,0.0
676,0022400650,28682.0,28697.0,1630224,2.0
677,0022400650,28747.0,28800.0,1630224,2.0
678,0022400650,7200.0,8850.0,1630256,-1.0
679,0022400650,14334.0,14400.0,1630256,0.0
680,0022400650,21600.0,22520.0,1630256,-7.0
681,0022400650,28645.0,28682.0,1630256,-2.0
682,0022400650,28697.0,28747.0,1630256,-2.0
683,0022400650,0.0,4770.0,1630578,-2.0
684,0022400650,9690.0,14334.0,1630578,1.0
685,0022400650,14400.0,19270.0,1630578,1.0
686,0022400650,22520.0,28645.0,1630578,13.0
687,0022400650,28682.0,28697.0,1630578,2.0
688,0022400650,28747.0,28800.0,1630578,2.0
689,0022400650,3740.0,7200.0,1631106,8.0
690,0022400650,8650.0,11990.0,1631106,7.0
691,0022400650,12220.0,14400.0,1631106,-5.0
692,0022400650,17980.0,21600.0,1631106,-11.0
693,0022400650,26260.0,26640.0,1631106,1.0
694,0022400650,26890.0,28682.0,1631106,-1.0
695,0022400650,28697.0,28747.0,1631106,-2.0
696,0022400650,0.0,3740.0,1641708,-4.0
697,0022400650,4160.0,8650.0,1641708,10.0
698,0022400650,10400.0,18050.0,1641708,3.0
699,0022400650,19630.0,28800.0,1641708,-1.0
700,0022400640,5230.0,9970.0,203500,3.0
701,0022400640,19970.0,21352.0,203500,8.0
702,0022400640,21600.0,24460.0,203500,-4.0
703,0022400640,0.0,6220.0,1627832,2.0
704,0022400640,9230.0,19970.0,1627832,-2.0
705,0022400640,21352.0,21600.0,1627832,1.0
706,0022400640,23040.0,28800.0,1627832,-8.0
707,0022400640,0.0,5230.0,1628415,5.0
708,0022400640,6860.0,7200.0,1628415,2.0
709,0022400640,9970.0,19970.0,1628415,0.0
710,0022400640,21167.0,21600.0,1628415,1.0
711,0022400640,23950.0,26380.0,1628415,-10.0
712,0022400640,27690.0,28800.0,1628415,4.0
713,0022400640,0.0,4570.0,1630224,3.0
714,0022400640,6220.0,6860.0,1630224,2.0
715,0022400640,7200.0,9230.0,1630224,4.0
716,0022400640,12440.0,18190.0,1630224,0.0
717,0022400640,19970.0,21167.0,1630224,8.0
718,0022400640,21352.0,28800.0,1630224,-12.0
719,0022400640,7200.0,9970.0,1630256,2.0
720,0022400640,18190.0,21352.0,1630256,7.0
721,0022400640,21600.0,23040.0,1630256,-5.0
722,0022400640,0.0,5230.0,1630578,5.0
723,0022400640,9970.0,19970.0,1630578,0.0
724,0022400640,21352.0,21600.0,1630578,1.0
725,0022400640,24460.0,28541.0,1630578,-8.0
726,0022400640,4570.0,7200.0,1631106,3.0
727,0022400640,9230.0,12440.0,1631106,-1.0
728,0022400640,18190.0,21352.0,1631106,7.0
729,0022400640,21600.0,23950.0,1631106,-3.0
730,0022400640,26380.0,27690.0,1631106,-4.0
731,0022400640,28541.0,28800.0,1631106,-1.0
732,0022400640,0.0,4570.0,1641708,3.0
733,0022400640,5230.0,9230.0,1641708,5.0
734,0022400640,10830.0,18190.0,1641708,6.0
735,0022400640,19970.0,28800.0,1641708,-4.0
736,0022400640,4570.0,10830.0,1641715,0.0
737,0022400591,5600.0,9940.0,203500,-2.0
738,0022400591,20430.0,21552.0,203500,4.0
739,0022400591,21600.0,25250.0,203500,7.0
740,0022400591,27600.0,28800.0,203500,4.0
741,0022400591,0.0,5600.0,1627832,0.0
742,0022400591,7200.0,10210.0,1627832,-4.0
743,0022400591,11570.0,20180.0,1627832,15.0
744,0022400591,21600.0,25870.0,1627832,10.0
745,0022400591,0.0,5600.0,1628415,0.0
746,0022400591,9000.0,19360.0,1628415,3.0
747,0022400591,21552.0,27600.0,1628415,2.0
748,0022400591,5600.0,9000.0,1628988,4.0
749,0022400591,20180.0,24760.0,1628988,10.0
750,0022400591,27600.0,28800.0,1628988,4.0
751,0022400591,0.0,4620.0,1630224,3.0
752,0022400591,5600.0,7200.0,1630224,2.0
753,0022400591,10210.0,21552.0,1630224,18.0
754,0022400591,0.0,3470.0,1630256,4.0
755,0022400591,7200.0,10100.0,1630256,-4.0
756,0022400591,14400.0,18370.0,1630256,11.0
757,0022400591,21552.0,21600.0,1630256,-3.0
758,0022400591,0.0,5600.0,1630578,0.0
759,0022400591,9940.0,20430.0,1630578,14.0
760,0022400591,25250.0,27600.0,1630578,-2.0
761,0022400591,3470.0,7200.0,1631106,-2.0
762,0022400591,10100.0,14400.0,1631106,3.0
763,0022400591,18370.0,21600.0,1631106,1.0
764,0022400591,24760.0,27600.0,1631106,-4.0
765,0022400591,27600.0,28800.0,1631466,4.0
766,0022400591,4620.0,11570.0,1641715,-6.0
767,0022400591,19360.0,28800.0,1641715,15.0
768,0022400591,25870.0,28800.0,1642263,-1.0
769,0022400576,0.0,4070.0,201145,1.0
770,0022400576,7200.0,11240.0,201145,-7.0
771,0022400576,14400.0,17290.0,201145,-3.0
772,0022400576,21600.0,24200.0,201145,5.0
773,0022400576,5300.0,8660.0,203500,3.0
774,0022400576,19010.0,24200.0,203500,13.0
775,0022400576,28711.0,28711.0,203500,0.0
776,0022400576,0.0,5300.0,1628415,-1.0
777,0022400576,10310.0,20520.0,1628415,2.0
778,0022400576,24200.0,28711.0,1628415,-3.0
779,0022400576,7200.0,11240.0,1628988,-7.0
780,0022400576,11430.0,12960.0,1628988,-2.0
781,0022400576,21600.0,24200.0,1628988,5.0
782,0022400576,28711.0,28800.0,1628988,-2.0
783,0022400576,0.0,7200.0,1630224,-1.0
784,0022400576,10310.0,11430.0,1630224,-1.0
785,0022400576,14400.0,21600.0,1630224,4.0
786,0022400576,24200.0,28800.0,1630224,-5.0
787,0022400576,0.0,5300.0,1630578,-1.0
788,0022400576,8660.0,19010.0,1630578,-15.0
789,0022400576,24200.0,28800.0,1630578,-5.0
790,0022400576,4070.0,7200.0,1631106,-2.0
791,0022400576,11240.0,14400.0,1631106,-1.0
792,0022400576,17290.0,21600.0,1631106,7.0
793,0022400576,24710.0,28800.0,1631106,-3.0
794,0022400576,0.0,4070.0,1641708,1.0
795,0022400576,5300.0,10310.0,1641708,-6.0
796,0022400576,11240.0,18660.0,1641708,-5.0
797,0022400576,20520.0,28800.0,1641708,0.0
798,0022400576,4070.0,10310.0,1641715,-8.0
799,0022400576,12960.0,14400.0,1641715,1.0
800,0022400576,18660.0,24710.0,1641715,11.0
801,0022400568,7200.0,13050.0,201145,12.0
802,0022400568,14038.0,14400.0,201145,-2.0
803,0022400568,19660.0,24300.0,201145,-1.0
804,0022400568,25670.0,27160.0,201145,4.0
805,0022400568,5280.0,6985.0,203500,0.0
806,0022400568,7200.0,9760.0,203500,6.0
807,0022400568,0.0,5770.0,1627832,5.0
808,0022400568,6985.0,11040.0,1627832,8.0
809,0022400568,13050.0,20850.0,1627832,6.0
810,0022400568,21600.0,25050.0,1627832,-1.0
811,0022400568,0.0,5770.0,1628415,5.0
812,0022400568,9760.0,19710.0,1628415,12.0
813,0022400568,24300.0,28800.0,1628988,-2.0
814,0022400568,0.0,7200.0,1630224,5.0
815,0022400568,11040.0,21600.0,1630224,8.0
816,0022400568,4830.0,6985.0,1630256,-3.0
817,0022400568,18570.0,25300.0,1630256,-1.0
818,0022400568,27160.0,28800.0,1630256,-2.0
819,0022400568,0.0,5280.0,1630578,5.0
820,0022400568,6985.0,7200.0,1630578,0.0
821,0022400568,9760.0,19660.0,1630578,12.0
822,0022400568,25300.0,28800.0,1631466,-1.0
823,0022400568,0.0,4830.0,1641708,8.0
824,0022400568,5770.0,9760.0,1641708,6.0
825,0022400568,11040.0,14038.0,1641708,10.0
826,0022400568,14400.0,18570.0,1641708,1.0
827,0022400568,20850.0,25670.0,1641708,-5.0
828,0022400568,5770.0,11040.0,1641715,8.0
829,0022400568,19710.0,28800.0,1641715,-3.0
830,0022400568,25050.0,28800.0,1642263,0.0
831,0022400520,5610.0,6825.0,203500,-1.0
832,0022400520,7200.0,10090.0,203500,3.0
833,0022400520,13895.0,14400.0,203500,0.0
834,0022400520,21600.0,24450.0,203500,-1.0
835,0022400520,28762.0,28768.0,203500,-1.0
836,0022400520,0.0,6170.0,1627832,7.0
837,0022400520,7040.0,10090.0,1627832,3.0
838,0022400520,11510.0,13884.0,1627832,-8.0
839,0022400520,13895.0,21600.0,1627832,4.0
840,0022400520,23740.0,28800.0,1627832,-4.0
841,0022400520,0.0,5180.0,1628415,8.0
842,0022400520,6825.0,7200.0,1628415,2.0
843,0022400520,10090.0,20960.0,1628415,-1.0
844,0022400520,24450.0,28800.0,1628415,-4.0
845,0022400520,7200.0,11510.0,1628988,6.0
846,0022400520,13884.0,13895.0,1628988,-2.0
847,0022400520,19970.0,21600.0,1628988,2.0
848,0022400520,28762.0,28768.0,1628988,-1.0
849,0022400520,28768.0,28800.0,1628988,1.0
850,0022400520,0.0,5180.0,1630224,8.0
851,0022400520,6170.0,7200.0,1630224,2.0
852,0022400520,10690.0,19970.0,1630224,-8.0
853,0022400520,21323.0,28762.0,1630224,-5.0
854,0022400520,28768.0,28774.0,1630224,2.0
855,0022400520,3920.0,7040.0,1630256,-1.0
856,0022400520,16510.0,21323.0,1630256,8.0
857,0022400520,21600.0,24720.0,1630256,-2.0
858,0022400520,28774.0,28800.0,1630256,0.0
859,0022400520,0.0,5610.0,1630578,8.0
860,0022400520,7040.0,7200.0,1630578,0.0
861,0022400520,10090.0,13895.0,1630578,-7.0
862,0022400520,14400.0,21600.0,1630578,4.0
863,0022400520,24450.0,28762.0,1630578,-5.0
864,0022400520,28768.0,28774.0,1630578,2.0
865,0022400520,0.0,3920.0,1641708,10.0
866,0022400520,5180.0,7040.0,1641708,1.0
867,0022400520,7200.0,16510.0,1641708,-9.0
868,0022400520,21600.0,23740.0,1641708,-1.0
869,0022400520,24720.0,28768.0,1641708,-5.0
870,0022400520,28774.0,28800.0,1641708,0.0
871,0022400520,5180.0,10690.0,1641715,7.0
872,0022400520,20960.0,24450.0,1641715,-3.0
873,0022400503,7200.0,11200.0,201145,4.0
874,0022400503,23210.0,25050.0,201145,-10.0
875,0022400503,3800.0,7200.0,203500,-5.0
876,0022400503,21600.0,25050.0,203500,-2.0
877,0022400503,0.0,5750.0,1627832,-7.0
878,0022400503,7200.0,11580.0,1627832,7.0
879,0022400503,12780.0,20110.0,1627832,15.0
880,0022400503,21600.0,26970.0,1627832,2.0
881,0022400503,0.0,3960.0,1628415,-5.0
882,0022400503,9270.0,13760.0,1628415,-4.0
883,0022400503,14400.0,15030.0,1628415,-2.0
884,0022400503,25050.0,26970.0,1628415,4.0
885,0022400503,3960.0,7200.0,1628988,-5.0
886,0022400503,13760.0,14400.0,1628988,7.0
887,0022400503,15030.0,23210.0,1628988,26.0
888,0022400503,26970.0,28800.0,1628988,3.0
889,0022400503,26970.0,28800.0,1629111,3.0
890,0022400503,0.0,5750.0,1630224,-7.0
891,0022400503,11200.0,21600.0,1630224,24.0
892,0022400503,25050.0,26970.0,1630224,4.0
893,0022400503,4450.0,7200.0,1630256,-4.0
894,0022400503,11200.0,12780.0,1630256,7.0
895,0022400503,19110.0,21600.0,1630256,4.0
896,0022400503,26970.0,28800.0,1630256,3.0
897,0022400503,0.0,3800.0,1630578,-5.0
898,0022400503,7200.0,9270.0,1630578,9.0
899,0022400503,11580.0,21600.0,1630578,21.0
900,0022400503,25050.0,26970.0,1630578,4.0
901,0022400503,26970.0,28800.0,1631466,3.0
902,0022400503,0.0,4450.0,1641708,-6.0
903,0022400503,5750.0,19110.0,1641708,21.0
904,0022400503,20110.0,26970.0,1641708,4.0
905,0022400503,5750.0,11200.0,1641715,1.0
906,0022400503,21600.0,25050.0,1641715,-2.0
907,0022400503,26970.0,28800.0,1641715,3.0
908,0022400416,23460.0,28800.0,201145,-11.0
909,0022400416,3670.0,6040.0,203500,6.0
910,0022400416,11040.0,13310.0,203500,0.0
911,0022400416,18470.0,20310.0,203500,3.0
912,0022400416,0.0,6140.0,1627832,9.0
913,0022400416,7178.0,7200.0,1627832,0.0
914,0022400416,11040.0,20310.0,1627832,5.0
915,0022400416,23460.0,28800.0,1628988,-11.0
916,0022400416,23460.0,28800.0,1629111,-11.0
917,0022400416,0.0,7200.0,1630224,17.0
918,0022400416,11040.0,21600.0,1630224,13.0
919,0022400416,3980.0,7200.0,1630256,12.0
920,0022400416,11040.0,13310.0,1630256,0.0
921,0022400416,18470.0,23460.0,1630256,11.0
922,0022400416,0.0,3670.0,1630578,3.0
923,0022400416,6040.0,7178.0,1630578,8.0
924,0022400416,7200.0,11040.0,1630578,-2.0
925,0022400416,13310.0,18470.0,1630578,2.0
926,0022400416,20310.0,21600.0,1630578,8.0
927,0022400416,0.0,4890.0,1631095,5.0
928,0022400416,7200.0,11040.0,1631095,-2.0
929,0022400416,13310.0,19710.0,1631095,3.0
930,0022400416,21600.0,23460.0,1631095,0.0
931,0022400416,0.0,3980.0,1641708,5.0
932,0022400416,6140.0,11040.0,1641708,6.0
933,0022400416,12140.0,18470.0,1641708,3.0
934,0022400416,20310.0,23460.0,1641708,8.0
935,0022400416,4890.0,12140.0,1641715,9.0
936,0022400416,19710.0,28800.0,1641715,-1.0
937,0022400416,7200.0,11040.0,1642263,-2.0
938,0022400416,21600.0,28800.0,1642263,-11.0
939,0022400391,24860.0,28800.0,201145,-14.0
940,0022400391,4290.0,7200.0,203500,9.0
941,0022400391,21600.0,25640.0,203500,-5.0
942,0022400391,0.0,7200.0,1627832,16.0
943,0022400391,11340.0,21600.0,1627832,0.0
944,0022400391,26740.0,28564.0,1628988,-4.0
945,0022400391,25640.0,28800.0,1629111,-8.0
946,0022400391,0.0,6070.0,1630224,13.0
947,0022400391,11340.0,19840.0,1630224,-3.0
948,0022400391,4290.0,7200.0,1630256,9.0
949,0022400391,11340.0,14400.0,1630256,5.0
950,0022400391,18980.0,21600.0,1630256,-1.0
951,0022400391,28564.0,28800.0,1630256,-2.0
952,0022400391,0.0,4290.0,1630578,7.0
953,0022400391,7200.0,13560.0,1630578,11.0
954,0022400391,14400.0,19840.0,1630578,-8.0
955,0022400391,0.0,4790.0,1631095,9.0
956,0022400391,7200.0,12620.0,1631095,10.0
957,0022400391,13560.0,19080.0,1631095,2.0
958,0022400391,19840.0,24860.0,1631095,4.0
959,0022400391,0.0,4290.0,1641708,7.0
960,0022400391,6070.0,11340.0,1641708,13.0
961,0022400391,12620.0,18980.0,1641708,1.0
962,0022400391,19840.0,26740.0,1641708,-4.0
963,0022400391,4790.0,11340.0,1641715,17.0
964,0022400391,19080.0,28800.0,1641715,-16.0
965,0022400391,7200.0,11340.0,1642263,10.0
966,0022400391,21600.0,28800.0,1642263,-13.0
967,0022400388,0.0,5730.0,1627832,-14.0
968,0022400388,8270.0,21600.0,1627832,15.0
969,0022400388,25360.0,28800.0,1627832,-6.0
970,0022400388,0.0,5730.0,1628415,-14.0
971,0022400388,9720.0,14362.0,1628415,3.0
972,0022400388,14400.0,21109.0,1628415,2.0
973,0022400388,21312.0,21600.0,1628415,2.0
974,0022400388,23970.0,28800.0,1628415,0.0
975,0022400388,3710.0,5730.0,1629111,-10.0
976,0022400388,0.0,5730.0,1630224,-14.0
977,0022400388,8270.0,20130.0,1630224,16.0
978,0022400388,26210.0,28631.0,1630224,-6.0
979,0022400388,28661.0,28800.0,1630224,1.0
980,0022400388,8790.0,12700.0,1630256,10.0
981,0022400388,14362.0,14400.0,1630256,0.0
982,0022400388,17650.0,20130.0,1630256,-1.0
983,0022400388,21312.0,23970.0,1630256,5.0
984,0022400388,28631.0,28661.0,1630256,0.0
985,0022400388,0.0,3710.0,1630578,-4.0
986,0022400388,5730.0,8790.0,1630578,-2.0
987,0022400388,12700.0,14362.0,1630578,0.0
988,0022400388,14400.0,17650.0,1630578,9.0
989,0022400388,20130.0,21312.0,1630578,-3.0
990,0022400388,21600.0,26370.0,1630578,8.0
991,0022400388,26570.0,28524.0,1630578,-4.0
992,0022400388,0.0,4230.0,1631095,-9.0
993,0022400388,5730.0,8270.0,1631095,0.0
994,0022400388,11340.0,19110.0,1631095,11.0
995,0022400388,21109.0,28800.0,1631095,8.0
996,0022400388,4230.0,11340.0,1641708,1.0
997,0022400388,14362.0,14400.0,1641708,0.0
998,0022400388,19110.0,25360.0,1641708,7.0
999,0022400388,26370.0,26570.0,1641708,0.0
1000,0022400388,28524.0,28800.0,1641708,-1.0
1001,0022400388,5730.0,9720.0,1641715,5.0
1002,0022400388,21600.0,26210.0,1641715,8.0
1003,0022400388,5730.0,8270.0,1642263,0.0
1004,0022400388,20130.0,21312.0,1642263,-3.0
1005,0022401230,3550.0,6642.0,203500,1.0
1006,0022401230,18400.0,19100.0,203500,-2.0
1007,0022401230,0.0,5950.0,1627832,4.0
1008,0022401230,9050.0,21600.0,1627832,-6.0
1009,0022401230,22280.0,28800.0,1627832,-4.0
1010,0022401230,0.0,5950.0,1628415,4.0
1011,0022401230,9050.0,13340.0,1628415,4.0
1012,0022401230,14400.0,17160.0,1628415,-3.0
1013,0022401230,19100.0,21600.0,1628415,0.0
1014,0022401230,24390.0,28800.0,1628415,-10.0
1015,0022401230,8810.0,11020.0,1628988,2.0
1016,0022401230,13340.0,14400.0,1628988,-3.0
1017,0022401230,0.0,3550.0,1630224,1.0
1018,0022401230,5950.0,8810.0,1630224,-6.0
1019,0022401230,11020.0,18400.0,1630224,-4.0
1020,0022401230,21600.0,26470.0,1630224,-5.0
1021,0022401230,26990.0,28800.0,1630224,-2.0
1022,0022401230,0.0,3550.0,1630578,1.0
1023,0022401230,6642.0,9050.0,1630578,-2.0
1024,0022401230,10640.0,13340.0,1630578,3.0
1025,0022401230,14400.0,18400.0,1630578,-5.0
1026,0022401230,20580.0,24390.0,1630578,-2.0
1027,0022401230,25190.0,26470.0,1630578,2.0
1028,0022401230,26990.0,28800.0,1630578,-2.0
1029,0022401230,0.0,4610.0,1631095,4.0
1030,0022401230,5950.0,10640.0,1631095,-3.0
1031,0022401230,13340.0,20580.0,1631095,-7.0
1032,0022401230,21600.0,28800.0,1631095,-9.0
1033,0022401230,4610.0,10640.0,1631106,-3.0
1034,0022401230,18400.0,22280.0,1631106,-7.0
1035,0022401230,26470.0,26990.0,1631106,-2.0
1036,0022401230,3550.0,9050.0,1641708,-1.0
1037,0022401230,10640.0,14400.0,1641708,0.0
1038,0022401230,17160.0,25190.0,1641708,-11.0
1039,0022401230,26470.0,26990.0,1641708,-2.0
1040,0022400356,3630.0,7200.0,203500,0.0
1041,0022400356,19210.0,21600.0,203500,0.0
1042,0022400356,0.0,5720.0,1628415,0.0
1043,0022400356,8940.0,20400.0,1628415,8.0
1044,0022400356,23400.0,28800.0,1628415,-2.0
1045,0022400356,5720.0,11060.0,1628988,4.0
1046,0022400356,20400.0,26180.0,1628988,-3.0
1047,0022400356,0.0,7200.0,1630224,2.0
1048,0022400356,11060.0,21600.0,1630224,8.0
1049,0022400356,25100.0,28800.0,1630224,-1.0
1050,0022400356,4220.0,8940.0,1630256,2.0
1051,0022400356,12370.0,14400.0,1630256,9.0
1052,0022400356,19210.0,23400.0,1630256,1.0
1053,0022400356,0.0,3630.0,1630578,2.0
1054,0022400356,7200.0,19210.0,1630578,10.0
1055,0022400356,21600.0,25100.0,1630578,0.0
1056,0022400356,26180.0,28800.0,1630578,1.0
1057,0022400356,0.0,4220.0,1631095,3.0
1058,0022400356,7200.0,12370.0,1631095,1.0
1059,0022400356,14400.0,19210.0,1631095,0.0
1060,0022400356,21600.0,24120.0,1631095,2.0
1061,0022400356,25100.0,28800.0,1631095,-1.0
1062,0022400356,0.0,7200.0,1641708,2.0
1063,0022400356,10030.0,21600.0,1641708,11.0
1064,0022400356,24120.0,28800.0,1641708,-3.0
1065,0022400356,7200.0,10030.0,1642263,-1.0
1066,0022400356,21600.0,25100.0,1642263,0.0
1067,0022400332,3500.0,6675.0,203500,5.0
1068,0022400332,12630.0,13818.0,203500,-2.0
1069,0022400332,18330.0,24510.0,203500,7.0
1070,0022400332,0.0,7200.0,1627832,4.0
1071,0022400332,10800.0,21600.0,1627832,-12.0
1072,0022400332,24510.0,28800.0,1627832,1.0
1073,0022400332,0.0,5810.0,1628415,-4.0
1074,0022400332,9630.0,14113.0,1628415,-2.0
1075,0022400332,14400.0,20540.0,1628415,-2.0
1076,0022400332,24510.0,28800.0,1628415,1.0
1077,0022400332,7200.0,10800.0,1628988,1.0
1078,0022400332,13818.0,14400.0,1628988,-4.0
1079,0022400332,20540.0,24510.0,1628988,1.0
1080,0022400332,28474.0,28631.0,1628988,-2.0
1081,0022400332,0.0,4960.0,1630224,-6.0
1082,0022400332,9630.0,12630.0,1630224,0.0
1083,0022400332,14113.0,20540.0,1630224,-6.0
1084,0022400332,21124.0,28335.0,1630224,5.0
1085,0022400332,28434.0,28474.0,1630224,2.0
1086,0022400332,28631.0,28800.0,1630224,-1.0
1087,0022400332,0.0,3500.0,1630578,-6.0
1088,0022400332,6675.0,12630.0,1630578,1.0
1089,0022400332,14400.0,18330.0,1630578,-8.0
1090,0022400332,24510.0,28474.0,1630578,4.0
1091,0022400332,28631.0,28800.0,1630578,-1.0
1092,0022400332,0.0,4400.0,1631095,-9.0
1093,0022400332,5810.0,9630.0,1631095,4.0
1094,0022400332,10150.0,19040.0,1631095,-10.0
1095,0022400332,20540.0,21124.0,1631095,-1.0
1096,0022400332,24510.0,28800.0,1631095,1.0
1097,0022400332,4400.0,10150.0,1641708,12.0
1098,0022400332,12630.0,14400.0,1641708,-6.0
1099,0022400332,19040.0,24510.0,1641708,0.0
1100,0022400332,28335.0,28434.0,1641708,-1.0
1101,0022400332,28474.0,28631.0,1641708,-2.0
1102,0022400332,4960.0,9630.0,1642263,6.0
1103,0022400332,21600.0,24510.0,1642263,0.0
1104,0022400059,3840.0,7200.0,203500,5.0
1105,0022400059,18830.0,20660.0,203500,-2.0
1106,0022400059,27680.0,28800.0,203500,6.0
1107,0022400059,0.0,7200.0,1627832,7.0
1108,0022400059,10540.0,20660.0,1627832,-21.0
1109,0022400059,23070.0,27680.0,1627832,-7.0
1110,0022400059,0.0,5300.0,1628415,4.0
1111,0022400059,6877.0,7200.0,1628415,0.0
1112,0022400059,10160.0,17390.0,1628415,-19.0
1113,0022400059,24580.0,26020.0,1628415,-2.0
1114,0022400059,22650.0,24580.0,1628988,4.0
1115,0022400059,27680.0,28800.0,1628988,6.0
1116,0022400059,0.0,6877.0,1630224,7.0
1117,0022400059,10990.0,21600.0,1630224,-18.0
1118,0022400059,24930.0,27680.0,1630224,-6.0
1119,0022400059,27680.0,28800.0,1630256,6.0
1120,0022400059,0.0,3840.0,1630578,2.0
1121,0022400059,7200.0,10990.0,1630578,-1.0
1122,0022400059,14400.0,18830.0,1630578,-12.0
1123,0022400059,20660.0,27680.0,1630578,-2.0
1124,0022400059,0.0,4250.0,1631095,4.0
1125,0022400059,7200.0,18830.0,1631095,-18.0
1126,0022400059,19280.0,20210.0,1631095,-1.0
1127,0022400059,21600.0,24930.0,1631095,3.0
1128,0022400059,26020.0,27680.0,1631095,-6.0
1129,0022400059,5300.0,11490.0,1631106,2.0
1130,0022400059,18830.0,27680.0,1631106,-4.0
1131,0022400059,4250.0,10160.0,1641708,3.0
1132,0022400059,11490.0,14400.0,1641708,-5.0
1133,0022400059,17390.0,19280.0,1641708,1.0
1134,0022400059,20210.0,22650.0,1641708,1.0
1135,0022400059,27680.0,28800.0,1641708,6.0
1136,0022400059,7200.0,10540.0,1642263,1.0
1137,0022400059,20660.0,23070.0,1642263,5.0
1138,0022400059,27680.0,28800.0,1642263,6.0
1139,0022400290,5000.0,9200.0,203500,4.0
1140,0022400290,0.0,3750.0,1627832,1.0
1141,0022400290,5540.0,9200.0,1627832,4.0
1142,0022400290,12370.0,17950.0,1627832,7.0
1143,0022400290,19820.0,31800.0,1627832,4.0
1144,0022400290,0.0,5540.0,1628415,7.0
1145,0022400290,10250.0,19820.0,1628415,-4.0
1146,0022400290,25130.0,31800.0,1628415,0.0
1147,0022400290,20150.0,23660.0,1628988,7.0
1148,0022400290,0.0,6718.0,1630224,8.0
1149,0022400290,10250.0,20570.0,1630224,-4.0
1150,0022400290,23660.0,28689.0,1630224,-6.0
1151,0022400290,28689.0,31289.0,1630224,2.0
1152,0022400290,0.0,5000.0,1630578,7.0
1153,0022400290,9200.0,12540.0,1630578,-12.0
1154,0022400290,14400.0,18710.0,1630578,0.0
1155,0022400290,20570.0,23660.0,1630578,3.0
1156,0022400290,26240.0,28585.0,1630578,-4.0
1157,0022400290,28689.0,31800.0,1630578,7.0
1158,0022400290,0.0,4440.0,1631095,5.0
1159,0022400290,9200.0,12540.0,1631095,-12.0
1160,0022400290,14400.0,20150.0,1631095,-5.0
1161,0022400290,23660.0,25130.0,1631095,1.0
1162,0022400290,28689.0,28800.0,1631095,0.0
1163,0022400290,4440.0,10250.0,1631106,2.0
1164,0022400290,12540.0,14400.0,1631106,5.0
1165,0022400290,18710.0,26240.0,1631106,3.0
1166,0022400290,28585.0,28689.0,1631106,-3.0
1167,0022400290,31289.0,31800.0,1631106,2.0
1168,0022400290,3750.0,12370.0,1641708,-2.0
1169,0022400290,12540.0,14400.0,1641708,5.0
1170,0022400290,17950.0,28689.0,1641708,-6.0
1171,0022400290,28800.0,31800.0,1641708,7.0
1172,0022400290,6718.0,10250.0,1642263,-1.0
1173,0022400037,0.0,6070.0,1627832,3.0
1174,0022400037,9150.0,19820.0,1627832,19.0
1175,0022400037,21600.0,31800.0,1627832,0.0
1176,0022400037,0.0,6070.0,1628415,3.0
1177,0022400037,11310.0,21600.0,1628415,2.0
1178,0022400037,23770.0,31800.0,1628415,1.0
1179,0022400037,4930.0,9600.0,1629111,-6.0
1180,0022400037,19980.0,22050.0,1629111,-16.0
1181,0022400037,0.0,4130.0,1630224,11.0
1182,0022400037,6070.0,9150.0,1630224,-5.0
1183,0022400037,14400.0,18050.0,1630224,1.0
1184,0022400037,19820.0,21600.0,1630224,-11.0
1185,0022400037,25940.0,27240.0,1630224,-4.0
1186,0022400037,0.0,4930.0,1630578,6.0
1187,0022400037,9600.0,19980.0,1630578,17.0
1188,0022400037,22050.0,31800.0,1630578,5.0
1189,0022400037,0.0,4930.0,1631095,6.0
1190,0022400037,9150.0,18830.0,1631095,18.0
1191,0022400037,23340.0,31800.0,1631095,6.0
1192,0022400037,4930.0,11310.0,1631106,-2.0
1193,0022400037,18830.0,23340.0,1631106,-16.0
1194,0022400037,4130.0,14400.0,1641708,-1.0
1195,0022400037,18050.0,25940.0,1641708,-12.0
1196,0022400037,27240.0,31800.0,1641708,11.0
1197,0022400037,6070.0,9150.0,1642263,-5.0
1198,0022400037,21600.0,23770.0,1642263,-1.0
1199,0022400248,5730.0,7200.0,201145,-3.0
1200,0022400248,5730.0,9020.0,203500,-12.0
1201,0022400248,0.0,5730.0,1627832,4.0
1202,0022400248,10060.0,21600.0,1627832,3.0
1203,0022400248,25280.0,28800.0,1627832,-4.0
1204,0022400248,0.0,2630.0,1628415,10.0
1205,0022400248,8550.0,11840.0,1628415,-5.0
1206,0022400248,14400.0,17250.0,1628415,-2.0
1207,0022400248,24990.0,28800.0,1628415,-6.0
1208,0022400248,19880.0,25280.0,1628988,11.0
1209,0022400248,0.0,3750.0,1630224,12.0
1210,0022400248,5730.0,10380.0,1630224,-6.0
1211,0022400248,11840.0,19880.0,1630224,0.0
1212,0022400248,21600.0,28800.0,1630224,2.0
1213,0022400248,0.0,5730.0,1630578,4.0
1214,0022400248,9020.0,17540.0,1630578,-6.0
1215,0022400248,19080.0,26120.0,1630578,18.0
1216,0022400248,26800.0,28800.0,1630578,-5.0
1217,0022400248,0.0,5730.0,1631095,4.0
1218,0022400248,10060.0,19080.0,1631095,-6.0
1219,0022400248,28761.0,28800.0,1631095,0.0
1220,0022400248,2630.0,8550.0,1631106,-13.0
1221,0022400248,10380.0,14400.0,1631106,-10.0
1222,0022400248,17250.0,24990.0,1631106,19.0
1223,0022400248,26120.0,26800.0,1631106,-2.0
1224,0022400248,3750.0,10060.0,1641708,-18.0
1225,0022400248,17540.0,28761.0,1641708,13.0
1226,0022400248,7200.0,10060.0,1642263,-7.0
1227,0022400241,20880.0,28800.0,201145,8.0
1228,0022400241,0.0,5430.0,1627832,3.0
1229,0022400241,9020.0,20260.0,1627832,30.0
1230,0022400241,0.0,5430.0,1628415,3.0
1231,0022400241,9610.0,20880.0,1628415,26.0
1232,0022400241,24770.0,28800.0,1628988,9.0
1233,0022400241,25820.0,28800.0,1629098,4.0
1234,0022400241,4940.0,9170.0,1629111,-2.0
1235,0022400241,19550.0,25040.0,1629111,-4.0
1236,0022400241,0.0,4020.0,1630224,2.0
1237,0022400241,5430.0,9020.0,1630224,-3.0
1238,0022400241,13100.0,19390.0,1630224,23.0
1239,0022400241,25040.0,28800.0,1630256,7.0
1240,0022400241,0.0,4940.0,1630578,4.0
1241,0022400241,9170.0,19550.0,1630578,31.0
1242,0022400241,0.0,3880.0,1631095,2.0
1243,0022400241,9020.0,19390.0,1631095,33.0
1244,0022400241,4020.0,9610.0,1631106,0.0
1245,0022400241,19390.0,24770.0,1631106,-6.0
1246,0022400241,25820.0,28800.0,1631466,4.0
1247,0022400241,3880.0,10790.0,1641708,4.0
1248,0022400241,19390.0,25820.0,1641708,-1.0
1249,0022400241,5430.0,9020.0,1642263,-3.0
1250,0022400241,10790.0,13100.0,1642263,4.0
1251,0022400241,20260.0,25820.0,1642263,2.0
1252,0022400201,0.0,5600.0,1627832,3.0
1253,0022400201,9020.0,21600.0,1627832,10.0
1254,0022400201,24540.0,28800.0,1627832,-5.0
1255,0022400201,0.0,5600.0,1628415,3.0
1256,0022400201,9470.0,20820.0,1628415,10.0
1257,0022400201,21580.0,21600.0,1628415,0.0
1258,0022400201,25540.0,28800.0,1628415,1.0
1259,0022400201,4510.0,7200.0,1629111,0.0
1260,0022400201,11070.0,13620.0,1629111,-1.0
1261,0022400201,20220.0,21580.0,1629111,2.0
1262,0022400201,21600.0,25030.0,1629111,-7.0
1263,0022400201,0.0,4510.0,1630224,3.0
1264,0022400201,5600.0,9020.0,1630224,-5.0
1265,0022400201,11070.0,12360.0,1630224,-2.0
1266,0022400201,14400.0,18010.0,1630224,-1.0
1267,0022400201,20820.0,27920.0,1630224,-3.0
1268,0022400201,28347.0,28728.0,1630224,1.0
1269,0022400201,0.0,4510.0,1630578,3.0
1270,0022400201,7200.0,11070.0,1630578,-5.0
1271,0022400201,13620.0,14275.0,1630578,1.0
1272,0022400201,14400.0,20220.0,1630578,8.0
1273,0022400201,25030.0,27920.0,1630578,4.0
1274,0022400201,28347.0,28800.0,1630578,0.0
1275,0022400201,0.0,4510.0,1631095,3.0
1276,0022400201,9020.0,18010.0,1631095,-1.0
1277,0022400201,23610.0,25540.0,1631095,-11.0
1278,0022400201,27920.0,28347.0,1631095,-3.0
1279,0022400201,4510.0,9020.0,1631106,-5.0
1280,0022400201,12360.0,14400.0,1631106,2.0
1281,0022400201,18010.0,23610.0,1631106,15.0
1282,0022400201,24540.0,28800.0,1631106,-5.0
1283,0022400201,4510.0,11070.0,1641708,-5.0
1284,0022400201,14275.0,14400.0,1641708,0.0
1285,0022400201,18010.0,24540.0,1641708,10.0
1286,0022400201,27920.0,28347.0,1641708,-3.0
1287,0022400201,28728.0,28800.0,1641708,-1.0
1288,0022400201,5600.0,9470.0,1642263,-5.0
1289,0022400201,21600.0,24540.0,1642263,-1.0
1290,0022400192,26520.0,28800.0,201145,7.0
1291,0022400192,4530.0,7200.0,203500,0.0
1292,0022400192,9660.0,11380.0,203500,-7.0
1293,0022400192,21600.0,26520.0,203500,-4.0
1294,0022400192,0.0,5730.0,1627832,0.0
1295,0022400192,9070.0,21600.0,1627832,-15.0
1296,0022400192,0.0,5730.0,1628415,0.0
1297,0022400192,9660.0,12720.0,1628415,-13.0
1298,0022400192,14400.0,21600.0,1628415,2.0
1299,0022400192,21600.0,25170.0,1628988,-1.0
1300,0022400192,25170.0,28800.0,1629098,4.0
1301,0022400192,25170.0,28800.0,1629111,4.0
1302,0022400192,0.0,4040.0,1630224,-2.0
1303,0022400192,5730.0,9070.0,1630224,-7.0
1304,0022400192,10960.0,20200.0,1630224,-7.0
1305,0022400192,25170.0,28800.0,1630256,4.0
1306,0022400192,0.0,4530.0,1630578,0.0
1307,0022400192,7200.0,9660.0,1630578,-10.0
1308,0022400192,12280.0,21600.0,1630578,-1.0
1309,0022400192,0.0,4350.0,1631095,-2.0
1310,0022400192,9130.0,11380.0,1631095,-12.0
1311,0022400192,14400.0,17820.0,1631095,2.0
1312,0022400192,4350.0,9130.0,1631106,-3.0
1313,0022400192,11380.0,14400.0,1631106,-7.0
1314,0022400192,17820.0,25170.0,1631106,-1.0
1315,0022400192,4040.0,10960.0,1641708,-13.0
1316,0022400192,11380.0,12280.0,1641708,-4.0
1317,0022400192,12720.0,14400.0,1641708,-1.0
1318,0022400192,20200.0,25170.0,1641708,-1.0
1319,0022400192,5730.0,9660.0,1642263,-10.0
1320,0022400192,21600.0,28800.0,1642263,3.0
1321,0022400129,5510.0,8560.0,203500,5.0
1322,0022400129,19300.0,22230.0,203500,-9.0
1323,0022400129,0.0,3650.0,1627832,5.0
1324,0022400129,5510.0,7200.0,1627832,1.0
1325,0022400129,8660.0,18270.0,1627832,-1.0
1326,0022400129,20170.0,28800.0,1627832,-17.0
1327,0022400129,0.0,5510.0,1628415,12.0
1328,0022400129,7200.0,11270.0,1628415,2.0
1329,0022400129,12410.0,20170.0,1628415,3.0
1330,0022400129,21600.0,28800.0,1628415,-10.0
1331,0022400129,0.0,5510.0,1630224,12.0
1332,0022400129,10280.0,12840.0,1630224,0.0
1333,0022400129,13650.0,20170.0,1630224,10.0
1334,0022400129,21600.0,28800.0,1630224,-10.0
1335,0022400129,0.0,5510.0,1630578,12.0
1336,0022400129,8560.0,19300.0,1630578,3.0
1337,0022400129,22230.0,26690.0,1630578,-7.0
1338,0022400129,28468.0,28621.0,1630578,2.0
1339,0022400129,0.0,3750.0,1631095,7.0
1340,0022400129,8660.0,17400.0,1631095,-1.0
1341,0022400129,21600.0,26690.0,1631095,-12.0
1342,0022400129,3750.0,8660.0,1631106,10.0
1343,0022400129,17400.0,21600.0,1631106,0.0
1344,0022400129,26690.0,28800.0,1631106,2.0
1345,0022400129,3650.0,7200.0,1641708,8.0
1346,0022400129,11270.0,12410.0,1641708,5.0
1347,0022400129,12840.0,13650.0,1641708,-6.0
1348,0022400129,18270.0,21600.0,1641708,0.0
1349,0022400129,26690.0,28468.0,1641708,1.0
1350,0022400129,28621.0,28800.0,1641708,-1.0
1351,0022400129,7200.0,10280.0,1641715,6.0
1352,0022400129,20170.0,21600.0,1641715,-7.0
1353,0022400129,5510.0,8660.0,1642263,5.0
1354,0022400109,4470.0,7200.0,203500,9.0
1355,0022400109,12050.0,14400.0,203500,6.0
1356,0022400109,18360.0,21600.0,203500,-4.0
1357,0022400109,0.0,3800.0,1627832,7.0
1358,0022400109,5410.0,10010.0,1627832,4.0
1359,0022400109,11160.0,18360.0,1627832,5.0
1360,0022400109,19830.0,28800.0,1627832,-12.0
1361,0022400109,0.0,3110.0,1628415,11.0
1362,0022400109,5310.0,10350.0,1628415,4.0
1363,0022400109,12300.0,18360.0,1628415,4.0
1364,0022400109,20880.0,28800.0,1628415,-11.0
1365,0022400109,0.0,5410.0,1630224,9.0
1366,0022400109,7103.0,7200.0,1630224,2.0
1367,0022400109,10010.0,19830.0,1630224,4.0
1368,0022400109,21600.0,28800.0,1630224,-7.0
1369,0022400109,0.0,4470.0,1630578,5.0
1370,0022400109,8930.0,12050.0,1630578,-2.0
1371,0022400109,14400.0,18360.0,1630578,-1.0
1372,0022400109,21600.0,22950.0,1630578,-4.0
1373,0022400109,24980.0,27760.0,1630578,1.0
1374,0022400109,0.0,5310.0,1631095,9.0
1375,0022400109,10350.0,13110.0,1631095,-2.0
1376,0022400109,14400.0,17830.0,1631095,-5.0
1377,0022400109,22950.0,28800.0,1631095,-3.0
1378,0022400109,3800.0,8930.0,1631106,6.0
1379,0022400109,13110.0,14400.0,1631106,6.0
1380,0022400109,17830.0,23410.0,1631106,-8.0
1381,0022400109,27760.0,28800.0,1631106,-1.0
1382,0022400109,3110.0,7103.0,1641708,1.0
1383,0022400109,7200.0,10350.0,1641708,-1.0
1384,0022400109,18360.0,20880.0,1641708,0.0
1385,0022400109,23410.0,24980.0,1641708,1.0
1386,0022400109,7200.0,11160.0,1641715,-3.0
1387,0022400109,18360.0,21600.0,1641715,-4.0
1388,0022400109,10350.0,12300.0,1642263,-1.0
1389,0022400094,0.0,3570.0,1627832,-7.0
1390,0022400094,5430.0,7200.0,1627832,-1.0
1391,0022400094,9600.0,18790.0,1627832,-4.0
1392,0022400094,20160.0,28684.0,1627832,11.0
1393,0022400094,28684.0,28800.0,1627832,-1.0
1394,0022400094,0.0,5430.0,1628415,-6.0
1395,0022400094,6864.0,7200.0,1628415,3.0
1396,0022400094,9930.0,18160.0,1628415,-3.0
1397,0022400094,21600.0,28800.0,1628415,15.0
1398,0022400094,5430.0,6864.0,1629111,-4.0
1399,0022400094,7200.0,9600.0,1629111,-3.0
1400,0022400094,19420.0,23750.0,1629111,3.0
1401,0022400094,0.0,5430.0,1630224,-6.0
1402,0022400094,6864.0,7200.0,1630224,3.0
1403,0022400094,11260.0,20280.0,1630224,-3.0
1404,0022400094,23750.0,28684.0,1630224,8.0
1405,0022400094,28684.0,28800.0,1630224,-1.0
1406,0022400094,0.0,5430.0,1630578,-6.0
1407,0022400094,9600.0,12260.0,1630578,-7.0
1408,0022400094,14400.0,19420.0,1630578,6.0
1409,0022400094,28684.0,28800.0,1630578,1.0
1410,0022400094,0.0,3570.0,1631095,-7.0
1411,0022400094,9600.0,20160.0,1631095,-5.0
1412,0022400094,23750.0,28800.0,1631095,9.0
1413,0022400094,3570.0,9600.0,1631106,-3.0
1414,0022400094,18790.0,23750.0,1631106,2.0
1415,0022400094,28684.0,28684.0,1631106,0.0
1416,0022400094,3570.0,9930.0,1641708,-3.0
1417,0022400094,12260.0,14400.0,1641708,-4.0
1418,0022400094,18160.0,21600.0,1641708,-5.0
1419,0022400094,28684.0,28684.0,1641708,0.0
1420,0022400094,7200.0,11260.0,1641715,-5.0
1421,0022400094,20280.0,28684.0,1641715,11.0
1422,0022400094,5430.0,6864.0,1642263,-4.0
1423,0022400094,7200.0,9600.0,1642263,-3.0
